/*
 Navicat Premium Data Transfer

 Source Server         : 本地数据库
 Source Server Type    : MySQL
 Source Server Version : 50730
 Source Host           : 127.0.0.1:3306
 Source Schema         : base_freemarker

 Target Server Type    : MySQL
 Target Server Version : 50730
 File Encoding         : 65001

 Date: 02/10/2020 14:26:56
*/

SET NAMES utf8mb4;
SET FOREIGN_KEY_CHECKS = 0;

-- ----------------------------
-- Table structure for QRTZ_BLOB_TRIGGERS
-- ----------------------------
DROP TABLE IF EXISTS `QRTZ_BLOB_TRIGGERS`;
CREATE TABLE `QRTZ_BLOB_TRIGGERS` (
  `SCHED_NAME` varchar(120) NOT NULL,
  `TRIGGER_NAME` varchar(190) NOT NULL,
  `TRIGGER_GROUP` varchar(190) NOT NULL,
  `BLOB_DATA` blob,
  PRIMARY KEY (`SCHED_NAME`,`TRIGGER_NAME`,`TRIGGER_GROUP`),
  KEY `SCHED_NAME` (`SCHED_NAME`,`TRIGGER_NAME`,`TRIGGER_GROUP`),
  CONSTRAINT `qrtz_blob_triggers_ibfk_1` FOREIGN KEY (`SCHED_NAME`, `TRIGGER_NAME`, `TRIGGER_GROUP`) REFERENCES `QRTZ_TRIGGERS` (`SCHED_NAME`, `TRIGGER_NAME`, `TRIGGER_GROUP`)
) ENGINE=InnoDB DEFAULT CHARSET=utf8mb4;

-- ----------------------------
-- Records of QRTZ_BLOB_TRIGGERS
-- ----------------------------
BEGIN;
COMMIT;

-- ----------------------------
-- Table structure for QRTZ_CALENDARS
-- ----------------------------
DROP TABLE IF EXISTS `QRTZ_CALENDARS`;
CREATE TABLE `QRTZ_CALENDARS` (
  `SCHED_NAME` varchar(120) NOT NULL,
  `CALENDAR_NAME` varchar(190) NOT NULL,
  `CALENDAR` blob NOT NULL,
  PRIMARY KEY (`SCHED_NAME`,`CALENDAR_NAME`)
) ENGINE=InnoDB DEFAULT CHARSET=utf8mb4;

-- ----------------------------
-- Records of QRTZ_CALENDARS
-- ----------------------------
BEGIN;
COMMIT;

-- ----------------------------
-- Table structure for QRTZ_CRON_TRIGGERS
-- ----------------------------
DROP TABLE IF EXISTS `QRTZ_CRON_TRIGGERS`;
CREATE TABLE `QRTZ_CRON_TRIGGERS` (
  `SCHED_NAME` varchar(120) NOT NULL,
  `TRIGGER_NAME` varchar(190) NOT NULL,
  `TRIGGER_GROUP` varchar(190) NOT NULL,
  `CRON_EXPRESSION` varchar(120) NOT NULL,
  `TIME_ZONE_ID` varchar(80) DEFAULT NULL,
  PRIMARY KEY (`SCHED_NAME`,`TRIGGER_NAME`,`TRIGGER_GROUP`),
  CONSTRAINT `qrtz_cron_triggers_ibfk_1` FOREIGN KEY (`SCHED_NAME`, `TRIGGER_NAME`, `TRIGGER_GROUP`) REFERENCES `QRTZ_TRIGGERS` (`SCHED_NAME`, `TRIGGER_NAME`, `TRIGGER_GROUP`)
) ENGINE=InnoDB DEFAULT CHARSET=utf8mb4;

-- ----------------------------
-- Records of QRTZ_CRON_TRIGGERS
-- ----------------------------
BEGIN;
INSERT INTO `QRTZ_CRON_TRIGGERS` VALUES ('LayeredScheduler', '1', 'test', '*/10 * * * * ?', 'Asia/Shanghai');
INSERT INTO `QRTZ_CRON_TRIGGERS` VALUES ('LayeredScheduler', '2', 'test', '*/10 * * * * ?', 'Asia/Shanghai');
INSERT INTO `QRTZ_CRON_TRIGGERS` VALUES ('LayeredScheduler', '3', 'test', '*/10 * * * * ?', 'Asia/Shanghai');
INSERT INTO `QRTZ_CRON_TRIGGERS` VALUES ('LayeredScheduler', '测试任务2', 'test', '*/10 * * * * ?	', 'Asia/Shanghai');
COMMIT;

-- ----------------------------
-- Table structure for QRTZ_FIRED_TRIGGERS
-- ----------------------------
DROP TABLE IF EXISTS `QRTZ_FIRED_TRIGGERS`;
CREATE TABLE `QRTZ_FIRED_TRIGGERS` (
  `SCHED_NAME` varchar(120) NOT NULL,
  `ENTRY_ID` varchar(95) NOT NULL,
  `TRIGGER_NAME` varchar(190) NOT NULL,
  `TRIGGER_GROUP` varchar(190) NOT NULL,
  `INSTANCE_NAME` varchar(190) NOT NULL,
  `FIRED_TIME` bigint(13) NOT NULL,
  `SCHED_TIME` bigint(13) NOT NULL,
  `PRIORITY` int(11) NOT NULL,
  `STATE` varchar(16) NOT NULL,
  `JOB_NAME` varchar(190) DEFAULT NULL,
  `JOB_GROUP` varchar(190) DEFAULT NULL,
  `IS_NONCONCURRENT` varchar(1) DEFAULT NULL,
  `REQUESTS_RECOVERY` varchar(1) DEFAULT NULL,
  PRIMARY KEY (`SCHED_NAME`,`ENTRY_ID`),
  KEY `IDX_QRTZ_FT_TRIG_INST_NAME` (`SCHED_NAME`,`INSTANCE_NAME`),
  KEY `IDX_QRTZ_FT_INST_JOB_REQ_RCVRY` (`SCHED_NAME`,`INSTANCE_NAME`,`REQUESTS_RECOVERY`),
  KEY `IDX_QRTZ_FT_J_G` (`SCHED_NAME`,`JOB_NAME`,`JOB_GROUP`),
  KEY `IDX_QRTZ_FT_JG` (`SCHED_NAME`,`JOB_GROUP`),
  KEY `IDX_QRTZ_FT_T_G` (`SCHED_NAME`,`TRIGGER_NAME`,`TRIGGER_GROUP`),
  KEY `IDX_QRTZ_FT_TG` (`SCHED_NAME`,`TRIGGER_GROUP`)
) ENGINE=InnoDB DEFAULT CHARSET=utf8mb4;

-- ----------------------------
-- Records of QRTZ_FIRED_TRIGGERS
-- ----------------------------
BEGIN;
INSERT INTO `QRTZ_FIRED_TRIGGERS` VALUES ('LayeredScheduler', 'cto16016196183201601619618346', '测试任务2', 'test', 'cto1601619618320', 1601620010017, 1601620020000, 5, 'ACQUIRED', NULL, NULL, '0', '0');
COMMIT;

-- ----------------------------
-- Table structure for QRTZ_JOB_DETAILS
-- ----------------------------
DROP TABLE IF EXISTS `QRTZ_JOB_DETAILS`;
CREATE TABLE `QRTZ_JOB_DETAILS` (
  `SCHED_NAME` varchar(120) NOT NULL,
  `JOB_NAME` varchar(190) NOT NULL,
  `JOB_GROUP` varchar(190) NOT NULL,
  `DESCRIPTION` varchar(250) DEFAULT NULL,
  `JOB_CLASS_NAME` varchar(250) NOT NULL,
  `IS_DURABLE` varchar(1) NOT NULL,
  `IS_NONCONCURRENT` varchar(1) NOT NULL,
  `IS_UPDATE_DATA` varchar(1) NOT NULL,
  `REQUESTS_RECOVERY` varchar(1) NOT NULL,
  `JOB_DATA` blob,
  PRIMARY KEY (`SCHED_NAME`,`JOB_NAME`,`JOB_GROUP`),
  KEY `IDX_QRTZ_J_REQ_RECOVERY` (`SCHED_NAME`,`REQUESTS_RECOVERY`),
  KEY `IDX_QRTZ_J_GRP` (`SCHED_NAME`,`JOB_GROUP`)
) ENGINE=InnoDB DEFAULT CHARSET=utf8mb4;

-- ----------------------------
-- Records of QRTZ_JOB_DETAILS
-- ----------------------------
BEGIN;
INSERT INTO `QRTZ_JOB_DETAILS` VALUES ('LayeredScheduler', '1', 'test', NULL, 'com.cto.freemarker.quartz.jobs.ScheduledTask01', '0', '0', '0', '0', 0xACED0005737200156F72672E71756172747A2E4A6F62446174614D61709FB083E8BFA9B0CB020000787200266F72672E71756172747A2E7574696C732E537472696E674B65794469727479466C61674D61708208E8C3FBC55D280200015A0013616C6C6F77735472616E7369656E74446174617872001D6F72672E71756172747A2E7574696C732E4469727479466C61674D617013E62EAD28760ACE0200025A000564697274794C00036D617074000F4C6A6176612F7574696C2F4D61703B787000737200116A6176612E7574696C2E486173684D61700507DAC1C31660D103000246000A6C6F6164466163746F724900097468726573686F6C6478703F40000000000010770800000010000000007800);
INSERT INTO `QRTZ_JOB_DETAILS` VALUES ('LayeredScheduler', '2', 'test', NULL, 'com.cto.freemarker.quartz.jobs.ScheduledTask02', '0', '0', '0', '0', 0xACED0005737200156F72672E71756172747A2E4A6F62446174614D61709FB083E8BFA9B0CB020000787200266F72672E71756172747A2E7574696C732E537472696E674B65794469727479466C61674D61708208E8C3FBC55D280200015A0013616C6C6F77735472616E7369656E74446174617872001D6F72672E71756172747A2E7574696C732E4469727479466C61674D617013E62EAD28760ACE0200025A000564697274794C00036D617074000F4C6A6176612F7574696C2F4D61703B787000737200116A6176612E7574696C2E486173684D61700507DAC1C31660D103000246000A6C6F6164466163746F724900097468726573686F6C6478703F40000000000010770800000010000000007800);
INSERT INTO `QRTZ_JOB_DETAILS` VALUES ('LayeredScheduler', '3', 'test', NULL, 'com.cto.freemarker.quartz.jobs.ScheduledTask03', '0', '0', '0', '0', 0xACED0005737200156F72672E71756172747A2E4A6F62446174614D61709FB083E8BFA9B0CB020000787200266F72672E71756172747A2E7574696C732E537472696E674B65794469727479466C61674D61708208E8C3FBC55D280200015A0013616C6C6F77735472616E7369656E74446174617872001D6F72672E71756172747A2E7574696C732E4469727479466C61674D617013E62EAD28760ACE0200025A000564697274794C00036D617074000F4C6A6176612F7574696C2F4D61703B787000737200116A6176612E7574696C2E486173684D61700507DAC1C31660D103000246000A6C6F6164466163746F724900097468726573686F6C6478703F40000000000010770800000010000000007800);
INSERT INTO `QRTZ_JOB_DETAILS` VALUES ('LayeredScheduler', '测试任务2', 'test', NULL, 'com.cto.freemarker.job.ScheduledTask02', '0', '0', '0', '0', 0xACED0005737200156F72672E71756172747A2E4A6F62446174614D61709FB083E8BFA9B0CB020000787200266F72672E71756172747A2E7574696C732E537472696E674B65794469727479466C61674D61708208E8C3FBC55D280200015A0013616C6C6F77735472616E7369656E74446174617872001D6F72672E71756172747A2E7574696C732E4469727479466C61674D617013E62EAD28760ACE0200025A000564697274794C00036D617074000F4C6A6176612F7574696C2F4D61703B787000737200116A6176612E7574696C2E486173684D61700507DAC1C31660D103000246000A6C6F6164466163746F724900097468726573686F6C6478703F40000000000010770800000010000000007800);
COMMIT;

-- ----------------------------
-- Table structure for QRTZ_LOCKS
-- ----------------------------
DROP TABLE IF EXISTS `QRTZ_LOCKS`;
CREATE TABLE `QRTZ_LOCKS` (
  `SCHED_NAME` varchar(120) NOT NULL,
  `LOCK_NAME` varchar(40) NOT NULL,
  PRIMARY KEY (`SCHED_NAME`,`LOCK_NAME`)
) ENGINE=InnoDB DEFAULT CHARSET=utf8mb4;

-- ----------------------------
-- Records of QRTZ_LOCKS
-- ----------------------------
BEGIN;
INSERT INTO `QRTZ_LOCKS` VALUES ('LayeredScheduler', 'STATE_ACCESS');
INSERT INTO `QRTZ_LOCKS` VALUES ('LayeredScheduler', 'TRIGGER_ACCESS');
COMMIT;

-- ----------------------------
-- Table structure for QRTZ_PAUSED_TRIGGER_GRPS
-- ----------------------------
DROP TABLE IF EXISTS `QRTZ_PAUSED_TRIGGER_GRPS`;
CREATE TABLE `QRTZ_PAUSED_TRIGGER_GRPS` (
  `SCHED_NAME` varchar(120) NOT NULL,
  `TRIGGER_GROUP` varchar(190) NOT NULL,
  PRIMARY KEY (`SCHED_NAME`,`TRIGGER_GROUP`)
) ENGINE=InnoDB DEFAULT CHARSET=utf8mb4;

-- ----------------------------
-- Records of QRTZ_PAUSED_TRIGGER_GRPS
-- ----------------------------
BEGIN;
COMMIT;

-- ----------------------------
-- Table structure for QRTZ_SCHEDULER_STATE
-- ----------------------------
DROP TABLE IF EXISTS `QRTZ_SCHEDULER_STATE`;
CREATE TABLE `QRTZ_SCHEDULER_STATE` (
  `SCHED_NAME` varchar(120) NOT NULL,
  `INSTANCE_NAME` varchar(190) NOT NULL,
  `LAST_CHECKIN_TIME` bigint(13) NOT NULL,
  `CHECKIN_INTERVAL` bigint(13) NOT NULL,
  PRIMARY KEY (`SCHED_NAME`,`INSTANCE_NAME`)
) ENGINE=InnoDB DEFAULT CHARSET=utf8mb4;

-- ----------------------------
-- Records of QRTZ_SCHEDULER_STATE
-- ----------------------------
BEGIN;
INSERT INTO `QRTZ_SCHEDULER_STATE` VALUES ('LayeredScheduler', 'cto1601619618320', 1601620010640, 10000);
COMMIT;

-- ----------------------------
-- Table structure for QRTZ_SIMPLE_TRIGGERS
-- ----------------------------
DROP TABLE IF EXISTS `QRTZ_SIMPLE_TRIGGERS`;
CREATE TABLE `QRTZ_SIMPLE_TRIGGERS` (
  `SCHED_NAME` varchar(120) NOT NULL,
  `TRIGGER_NAME` varchar(190) NOT NULL,
  `TRIGGER_GROUP` varchar(190) NOT NULL,
  `REPEAT_COUNT` bigint(7) NOT NULL,
  `REPEAT_INTERVAL` bigint(12) NOT NULL,
  `TIMES_TRIGGERED` bigint(10) NOT NULL,
  PRIMARY KEY (`SCHED_NAME`,`TRIGGER_NAME`,`TRIGGER_GROUP`),
  CONSTRAINT `qrtz_simple_triggers_ibfk_1` FOREIGN KEY (`SCHED_NAME`, `TRIGGER_NAME`, `TRIGGER_GROUP`) REFERENCES `QRTZ_TRIGGERS` (`SCHED_NAME`, `TRIGGER_NAME`, `TRIGGER_GROUP`)
) ENGINE=InnoDB DEFAULT CHARSET=utf8mb4;

-- ----------------------------
-- Records of QRTZ_SIMPLE_TRIGGERS
-- ----------------------------
BEGIN;
COMMIT;

-- ----------------------------
-- Table structure for QRTZ_SIMPROP_TRIGGERS
-- ----------------------------
DROP TABLE IF EXISTS `QRTZ_SIMPROP_TRIGGERS`;
CREATE TABLE `QRTZ_SIMPROP_TRIGGERS` (
  `SCHED_NAME` varchar(120) NOT NULL,
  `TRIGGER_NAME` varchar(190) NOT NULL,
  `TRIGGER_GROUP` varchar(190) NOT NULL,
  `STR_PROP_1` varchar(512) DEFAULT NULL,
  `STR_PROP_2` varchar(512) DEFAULT NULL,
  `STR_PROP_3` varchar(512) DEFAULT NULL,
  `INT_PROP_1` int(11) DEFAULT NULL,
  `INT_PROP_2` int(11) DEFAULT NULL,
  `LONG_PROP_1` bigint(20) DEFAULT NULL,
  `LONG_PROP_2` bigint(20) DEFAULT NULL,
  `DEC_PROP_1` decimal(13,4) DEFAULT NULL,
  `DEC_PROP_2` decimal(13,4) DEFAULT NULL,
  `BOOL_PROP_1` varchar(1) DEFAULT NULL,
  `BOOL_PROP_2` varchar(1) DEFAULT NULL,
  PRIMARY KEY (`SCHED_NAME`,`TRIGGER_NAME`,`TRIGGER_GROUP`),
  CONSTRAINT `qrtz_simprop_triggers_ibfk_1` FOREIGN KEY (`SCHED_NAME`, `TRIGGER_NAME`, `TRIGGER_GROUP`) REFERENCES `QRTZ_TRIGGERS` (`SCHED_NAME`, `TRIGGER_NAME`, `TRIGGER_GROUP`)
) ENGINE=InnoDB DEFAULT CHARSET=utf8mb4;

-- ----------------------------
-- Records of QRTZ_SIMPROP_TRIGGERS
-- ----------------------------
BEGIN;
COMMIT;

-- ----------------------------
-- Table structure for QRTZ_TRIGGERS
-- ----------------------------
DROP TABLE IF EXISTS `QRTZ_TRIGGERS`;
CREATE TABLE `QRTZ_TRIGGERS` (
  `SCHED_NAME` varchar(120) NOT NULL,
  `TRIGGER_NAME` varchar(190) NOT NULL,
  `TRIGGER_GROUP` varchar(190) NOT NULL,
  `JOB_NAME` varchar(190) NOT NULL,
  `JOB_GROUP` varchar(190) NOT NULL,
  `DESCRIPTION` varchar(250) DEFAULT NULL,
  `NEXT_FIRE_TIME` bigint(13) DEFAULT NULL,
  `PREV_FIRE_TIME` bigint(13) DEFAULT NULL,
  `PRIORITY` int(11) DEFAULT NULL,
  `TRIGGER_STATE` varchar(16) NOT NULL,
  `TRIGGER_TYPE` varchar(8) NOT NULL,
  `START_TIME` bigint(13) NOT NULL,
  `END_TIME` bigint(13) DEFAULT NULL,
  `CALENDAR_NAME` varchar(190) DEFAULT NULL,
  `MISFIRE_INSTR` smallint(2) DEFAULT NULL,
  `JOB_DATA` blob,
  PRIMARY KEY (`SCHED_NAME`,`TRIGGER_NAME`,`TRIGGER_GROUP`),
  KEY `IDX_QRTZ_T_J` (`SCHED_NAME`,`JOB_NAME`,`JOB_GROUP`),
  KEY `IDX_QRTZ_T_JG` (`SCHED_NAME`,`JOB_GROUP`),
  KEY `IDX_QRTZ_T_C` (`SCHED_NAME`,`CALENDAR_NAME`),
  KEY `IDX_QRTZ_T_G` (`SCHED_NAME`,`TRIGGER_GROUP`),
  KEY `IDX_QRTZ_T_STATE` (`SCHED_NAME`,`TRIGGER_STATE`),
  KEY `IDX_QRTZ_T_N_STATE` (`SCHED_NAME`,`TRIGGER_NAME`,`TRIGGER_GROUP`,`TRIGGER_STATE`),
  KEY `IDX_QRTZ_T_N_G_STATE` (`SCHED_NAME`,`TRIGGER_GROUP`,`TRIGGER_STATE`),
  KEY `IDX_QRTZ_T_NEXT_FIRE_TIME` (`SCHED_NAME`,`NEXT_FIRE_TIME`),
  KEY `IDX_QRTZ_T_NFT_ST` (`SCHED_NAME`,`TRIGGER_STATE`,`NEXT_FIRE_TIME`),
  KEY `IDX_QRTZ_T_NFT_MISFIRE` (`SCHED_NAME`,`MISFIRE_INSTR`,`NEXT_FIRE_TIME`),
  KEY `IDX_QRTZ_T_NFT_ST_MISFIRE` (`SCHED_NAME`,`MISFIRE_INSTR`,`NEXT_FIRE_TIME`,`TRIGGER_STATE`),
  KEY `IDX_QRTZ_T_NFT_ST_MISFIRE_GRP` (`SCHED_NAME`,`MISFIRE_INSTR`,`NEXT_FIRE_TIME`,`TRIGGER_GROUP`,`TRIGGER_STATE`),
  CONSTRAINT `qrtz_triggers_ibfk_1` FOREIGN KEY (`SCHED_NAME`, `JOB_NAME`, `JOB_GROUP`) REFERENCES `QRTZ_JOB_DETAILS` (`SCHED_NAME`, `JOB_NAME`, `JOB_GROUP`)
) ENGINE=InnoDB DEFAULT CHARSET=utf8mb4;

-- ----------------------------
-- Records of QRTZ_TRIGGERS
-- ----------------------------
BEGIN;
INSERT INTO `QRTZ_TRIGGERS` VALUES ('LayeredScheduler', '1', 'test', '1', 'test', NULL, 1601578930000, 1601578920000, 5, 'ERROR', 'CRON', 1601566601000, 0, NULL, 2, 0xACED0005737200156F72672E71756172747A2E4A6F62446174614D61709FB083E8BFA9B0CB020000787200266F72672E71756172747A2E7574696C732E537472696E674B65794469727479466C61674D61708208E8C3FBC55D280200015A0013616C6C6F77735472616E7369656E74446174617872001D6F72672E71756172747A2E7574696C732E4469727479466C61674D617013E62EAD28760ACE0200025A000564697274794C00036D617074000F4C6A6176612F7574696C2F4D61703B787001737200116A6176612E7574696C2E486173684D61700507DAC1C31660D103000246000A6C6F6164466163746F724900097468726573686F6C6478703F4000000000000C7708000000100000000274000269647372000E6A6176612E6C616E672E4C6F6E673B8BE490CC8F23DF0200014A000576616C7565787200106A6176612E6C616E672E4E756D62657286AC951D0B94E08B02000078700000000000000001740006706172616D73707800);
INSERT INTO `QRTZ_TRIGGERS` VALUES ('LayeredScheduler', '2', 'test', '2', 'test', NULL, 1601578930000, 1601578920000, 5, 'ERROR', 'CRON', 1601566601000, 0, NULL, 2, 0xACED0005737200156F72672E71756172747A2E4A6F62446174614D61709FB083E8BFA9B0CB020000787200266F72672E71756172747A2E7574696C732E537472696E674B65794469727479466C61674D61708208E8C3FBC55D280200015A0013616C6C6F77735472616E7369656E74446174617872001D6F72672E71756172747A2E7574696C732E4469727479466C61674D617013E62EAD28760ACE0200025A000564697274794C00036D617074000F4C6A6176612F7574696C2F4D61703B787001737200116A6176612E7574696C2E486173684D61700507DAC1C31660D103000246000A6C6F6164466163746F724900097468726573686F6C6478703F4000000000000C7708000000100000000274000269647372000E6A6176612E6C616E672E4C6F6E673B8BE490CC8F23DF0200014A000576616C7565787200106A6176612E6C616E672E4E756D62657286AC951D0B94E08B02000078700000000000000002740006706172616D73707800);
INSERT INTO `QRTZ_TRIGGERS` VALUES ('LayeredScheduler', '3', 'test', '3', 'test', NULL, 1601578930000, 1601578920000, 5, 'ERROR', 'CRON', 1601566601000, 0, NULL, 2, 0xACED0005737200156F72672E71756172747A2E4A6F62446174614D61709FB083E8BFA9B0CB020000787200266F72672E71756172747A2E7574696C732E537472696E674B65794469727479466C61674D61708208E8C3FBC55D280200015A0013616C6C6F77735472616E7369656E74446174617872001D6F72672E71756172747A2E7574696C732E4469727479466C61674D617013E62EAD28760ACE0200025A000564697274794C00036D617074000F4C6A6176612F7574696C2F4D61703B787001737200116A6176612E7574696C2E486173684D61700507DAC1C31660D103000246000A6C6F6164466163746F724900097468726573686F6C6478703F4000000000000C7708000000100000000274000269647372000E6A6176612E6C616E672E4C6F6E673B8BE490CC8F23DF0200014A000576616C7565787200106A6176612E6C616E672E4E756D62657286AC951D0B94E08B02000078700000000000000003740006706172616D73707800);
INSERT INTO `QRTZ_TRIGGERS` VALUES ('LayeredScheduler', '测试任务2', 'test', '测试任务2', 'test', NULL, 1601620020000, 1601620010000, 5, 'ACQUIRED', 'CRON', 1601619642000, 0, NULL, 2, 0xACED0005737200156F72672E71756172747A2E4A6F62446174614D61709FB083E8BFA9B0CB020000787200266F72672E71756172747A2E7574696C732E537472696E674B65794469727479466C61674D61708208E8C3FBC55D280200015A0013616C6C6F77735472616E7369656E74446174617872001D6F72672E71756172747A2E7574696C732E4469727479466C61674D617013E62EAD28760ACE0200025A000564697274794C00036D617074000F4C6A6176612F7574696C2F4D61703B787001737200116A6176612E7574696C2E486173684D61700507DAC1C31660D103000246000A6C6F6164466163746F724900097468726573686F6C6478703F4000000000000C7708000000100000000274000269647372000E6A6176612E6C616E672E4C6F6E673B8BE490CC8F23DF0200014A000576616C7565787200106A6176612E6C616E672E4E756D62657286AC951D0B94E08B02000078700000000000000006740006706172616D73740001207800);
COMMIT;

-- ----------------------------
-- Table structure for admin_user
-- ----------------------------
DROP TABLE IF EXISTS `admin_user`;
CREATE TABLE `admin_user` (
  `id` bigint(20) NOT NULL AUTO_INCREMENT COMMENT 'ID编号',
  `uuid` varchar(64) CHARACTER SET utf8 DEFAULT NULL,
  `add_time` datetime NOT NULL COMMENT '添加时间',
  `add_user_id` bigint(20) DEFAULT NULL COMMENT '添加人ID',
  `update_time` datetime DEFAULT NULL COMMENT '更新时间',
  `update_user_id` bigint(20) DEFAULT NULL COMMENT '更新人ID',
  `user_type` varchar(10) CHARACTER SET utf8 DEFAULT NULL COMMENT '用户类型(1个人；2餐饮机构 ；3分销商)',
  `status` char(1) CHARACTER SET utf8 DEFAULT NULL COMMENT '用户状态(0锁定1正常)',
  `user_name` varchar(50) CHARACTER SET utf8 DEFAULT NULL COMMENT '用户名',
  `password` varchar(32) CHARACTER SET utf8 DEFAULT NULL COMMENT '密码校验规则md5(md5(password)+salt)',
  `salt` varchar(20) CHARACTER SET utf8 DEFAULT NULL COMMENT '盐值',
  `nick_name` varchar(50) CHARACTER SET utf8 DEFAULT NULL COMMENT '昵称',
  `avator` varchar(250) CHARACTER SET utf8 DEFAULT NULL COMMENT '用户头像',
  `last_login_time` datetime DEFAULT NULL COMMENT '最后一次登录时间',
  `last_login_ip` varchar(100) CHARACTER SET utf8 DEFAULT NULL COMMENT '最后一次登录IP',
  `login_count` int(11) DEFAULT NULL COMMENT '登录次数',
  `province` int(11) DEFAULT NULL COMMENT '省',
  `city` int(11) DEFAULT NULL COMMENT '市',
  `district` int(11) DEFAULT NULL COMMENT '县',
  `sex` varchar(255) CHARACTER SET utf8 DEFAULT NULL COMMENT '性别',
  `email` varchar(255) CHARACTER SET utf8 DEFAULT NULL,
  `mobile` varchar(255) CHARACTER SET utf8 DEFAULT NULL,
  `address` varchar(255) CHARACTER SET utf8 DEFAULT NULL,
  `delete_flag` char(1) CHARACTER SET utf8 DEFAULT '0' COMMENT '删除状态',
  PRIMARY KEY (`id`) USING BTREE
) ENGINE=InnoDB AUTO_INCREMENT=19 DEFAULT CHARSET=utf8mb4 COMMENT='系统用户表';

-- ----------------------------
-- Records of admin_user
-- ----------------------------
BEGIN;
INSERT INTO `admin_user` VALUES (14, '63f8bbb556824fde8df170796160f572', '2019-06-05 14:33:50', 14, '2020-10-02 14:24:59', NULL, 'ROOT', '1', 'admin', 'c8fa7814cd7973c9a1f9b2328eba1708', '1620', '管理员', NULL, '2020-10-02 14:24:59', NULL, 130, NULL, NULL, NULL, '1', NULL, NULL, NULL, '0');
INSERT INTO `admin_user` VALUES (16, '16755c2d9b26415286802334150d84ab', '2019-06-08 17:43:12', 14, '2019-06-09 16:05:40', NULL, 'PLAT', '1', 'test', 'fc2c3eb04243c18b7696ae0342dbbea7', '1119', '测试账号', NULL, '2019-06-09 16:07:17', NULL, 1, NULL, NULL, NULL, NULL, NULL, NULL, NULL, '0');
COMMIT;

-- ----------------------------
-- Table structure for menu
-- ----------------------------
DROP TABLE IF EXISTS `menu`;
CREATE TABLE `menu` (
  `id` bigint(20) NOT NULL AUTO_INCREMENT COMMENT '主键',
  `uuid` varchar(64) CHARACTER SET utf8 DEFAULT NULL,
  `add_time` datetime NOT NULL COMMENT '添加时间',
  `add_user_id` bigint(20) DEFAULT NULL COMMENT '添加人ID',
  `update_time` datetime DEFAULT NULL COMMENT '更新时间',
  `update_user_id` bigint(20) DEFAULT NULL COMMENT '更新人ID',
  `name` varchar(50) CHARACTER SET utf8 DEFAULT NULL COMMENT '菜单名称',
  `url` varchar(100) CHARACTER SET utf8 DEFAULT NULL COMMENT '系统url',
  `parent_id` bigint(10) DEFAULT NULL COMMENT ' 父id 关联sys_menu.id',
  `permission` varchar(255) CHARACTER SET utf8 DEFAULT NULL COMMENT '权限标识符',
  `sort` int(11) DEFAULT '0' COMMENT '排序',
  `state` int(2) DEFAULT '0' COMMENT '是否显示（0：是 1：否）',
  `delete_flag` int(1) DEFAULT '0' COMMENT '是否删除,0=未删除，1=已删除',
  PRIMARY KEY (`id`) USING BTREE,
  KEY `group_id` (`parent_id`) USING BTREE
) ENGINE=InnoDB AUTO_INCREMENT=11 DEFAULT CHARSET=utf8mb4 COMMENT='系统菜单表';

-- ----------------------------
-- Records of menu
-- ----------------------------
BEGIN;
INSERT INTO `menu` VALUES (5, '74b47d50d5eb4aa78d931534bf663ed8', '2019-06-08 17:37:12', 14, NULL, NULL, '系统管理', '', 0, '', 1, 1, 0);
INSERT INTO `menu` VALUES (6, '364c2ea87c7744eaa89de1cf14edafc6', '2019-06-08 17:37:37', 14, NULL, NULL, '角色管理', '/role', 5, 'role', 1, 1, 0);
INSERT INTO `menu` VALUES (7, '9142720229a14feab4d6a1ab7119f8f9', '2019-06-08 17:37:59', 14, NULL, NULL, '菜单管理', '/menu', 5, 'menu', 2, 1, 0);
INSERT INTO `menu` VALUES (8, '4cdae5161e514be287d1c5202725aafa', '2019-06-08 17:38:25', 14, NULL, NULL, '用户管理', '/adminUser', 5, 'adminUser', 3, 1, 0);
INSERT INTO `menu` VALUES (9, '74b47d50d5eb4aa78d931534bf663cd8', '2019-06-08 17:37:12', 14, NULL, NULL, '任务管理', '', 0, '', 1, 1, 0);
INSERT INTO `menu` VALUES (10, '25dded93280c4511839319f343295e64', '2020-10-02 03:15:57', 14, NULL, NULL, '任务管理', '/timedTasks', 9, 'timedTasks', 1, 1, 0);
COMMIT;

-- ----------------------------
-- Table structure for operation_logs
-- ----------------------------
DROP TABLE IF EXISTS `operation_logs`;
CREATE TABLE `operation_logs` (
  `id` bigint(20) NOT NULL AUTO_INCREMENT,
  `uuid` varchar(64) CHARACTER SET utf8 NOT NULL COMMENT 'UUID',
  `add_time` datetime NOT NULL COMMENT '添加时间',
  `add_user_id` bigint(20) DEFAULT NULL COMMENT '添加人ID',
  `update_time` datetime DEFAULT NULL COMMENT '更新时间',
  `request_url` varchar(255) CHARACTER SET utf8 DEFAULT NULL COMMENT '请求URL',
  `request_type` varchar(50) CHARACTER SET utf8 DEFAULT NULL COMMENT '请求方式',
  `request_params` varchar(255) CHARACTER SET utf8 DEFAULT NULL COMMENT '请求参数',
  `description` varchar(255) CHARACTER SET utf8 DEFAULT NULL COMMENT '日志描述',
  `leaves` tinyint(4) DEFAULT NULL COMMENT '日志级别',
  `run_time` bigint(20) DEFAULT NULL COMMENT '运行时长',
  `type` varchar(255) CHARACTER SET utf8 DEFAULT NULL COMMENT '日志类型',
  `return_value` text CHARACTER SET utf8 COMMENT '返回数据',
  `ip_address` varchar(255) CHARACTER SET utf8 DEFAULT NULL COMMENT 'IP地址',
  PRIMARY KEY (`id`) USING BTREE
) ENGINE=InnoDB AUTO_INCREMENT=10 DEFAULT CHARSET=utf8mb4 COMMENT='用户操作日志表';

-- ----------------------------
-- Records of operation_logs
-- ----------------------------
BEGIN;
INSERT INTO `operation_logs` VALUES (1, '75aea2934fe74d87b4845aed43f52873', '2020-09-16 23:05:29', 14, NULL, '/menu/saveOrUpdate', NULL, 'name:[1],parentId:[5],permission:[1],sort:[1],state:[1],url:[1]', '修改菜单成功', NULL, 15, 'update', NULL, '0:0:0:0:0:0:0:1');
INSERT INTO `operation_logs` VALUES (2, '5a52dc68bbb34c268951dfa20eea12bb', '2020-09-16 23:10:10', 14, NULL, '/menu/edit', NULL, 'id:[9]', '修改菜单', NULL, 5791, 'update', NULL, '0:0:0:0:0:0:0:1');
INSERT INTO `operation_logs` VALUES (3, 'af73d9cdda894c909cab3d53997f3968', '2020-09-16 23:10:20', 14, NULL, '/menu/saveOrUpdate', NULL, 'id:[9],name:[1],parentId:[5],permission:[1],sort:[1],state:[0],url:[1]', '修改菜单成功', NULL, 5, 'update', NULL, '0:0:0:0:0:0:0:1');
INSERT INTO `operation_logs` VALUES (4, 'a643f953943547fb89823b0c8ddcf38b', '2020-09-16 23:15:00', 14, NULL, '/menu/edit', NULL, 'id:[9]', '修改菜单', NULL, 122946, 'update', NULL, '0:0:0:0:0:0:0:1');
INSERT INTO `operation_logs` VALUES (5, '40ccf221a20b42b193f9e9364d17489d', '2020-09-16 23:15:07', 14, NULL, '/menu/saveOrUpdate', NULL, 'id:[9],name:[1],parentId:[5],permission:[1],sort:[1],state:[0],url:[1]', '修改菜单成功', NULL, 4, 'update', NULL, '0:0:0:0:0:0:0:1');
INSERT INTO `operation_logs` VALUES (6, 'dccb72bf941c47e9b83d0b5793e582ec', '2020-09-16 23:17:03', 14, NULL, '/menu/edit', NULL, 'id:[9]', '修改菜单', NULL, 11, 'update', NULL, '0:0:0:0:0:0:0:1');
INSERT INTO `operation_logs` VALUES (7, '170a670d877f4f869a9cb5b13c1c5577', '2020-09-16 23:19:14', 14, NULL, '/menu/saveOrUpdate', 'application/x-www-form-urlencoded; charset=UTF-8', 'id:[9],name:[1],parentId:[5],permission:[1],sort:[1],state:[0],url:[1]', '修改菜单成功', NULL, 119734, 'update', NULL, '0:0:0:0:0:0:0:1');
INSERT INTO `operation_logs` VALUES (8, '12cc7cc3a1424dd08f8eee8c5e5d20d5', '2020-09-16 23:19:45', 14, NULL, '/menu/edit', 'GET', 'id:[9]', '修改菜单', NULL, 6533, 'update', NULL, '0:0:0:0:0:0:0:1');
INSERT INTO `operation_logs` VALUES (9, '1d9be6559d054ea1adfcd45dbaea9c51', '2020-10-02 03:15:57', 14, NULL, '/menu/saveOrUpdate', 'POST', 'name:[任务管理],parentId:[9],permission:[timedTasks],sort:[1],state:[1],url:[/timedTasks]', '修改菜单成功', NULL, 20, 'update', NULL, '0:0:0:0:0:0:0:1');
COMMIT;

-- ----------------------------
-- Table structure for role
-- ----------------------------
DROP TABLE IF EXISTS `role`;
CREATE TABLE `role` (
  `id` bigint(11) NOT NULL AUTO_INCREMENT COMMENT '主键',
  `uuid` varchar(64) CHARACTER SET utf8 DEFAULT NULL,
  `add_time` datetime NOT NULL COMMENT '添加时间',
  `add_user_id` bigint(20) DEFAULT NULL COMMENT '添加人ID',
  `update_time` datetime DEFAULT NULL COMMENT '更新时间',
  `update_user_id` bigint(20) DEFAULT NULL COMMENT '更新人ID',
  `name` varchar(20) CHARACTER SET utf8 DEFAULT NULL COMMENT '角色名称',
  `code` varchar(100) CHARACTER SET utf8 DEFAULT NULL COMMENT '角色编码',
  `status` char(1) CHARACTER SET utf8 DEFAULT NULL COMMENT '状态1,0',
  `remark` varchar(255) CHARACTER SET utf8 DEFAULT NULL COMMENT '注释',
  `delete_flag` char(1) CHARACTER SET utf8 DEFAULT NULL COMMENT '删除状态(0否1是)',
  PRIMARY KEY (`id`) USING BTREE,
  KEY `ename` (`code`) USING BTREE,
  KEY `status` (`status`) USING BTREE
) ENGINE=InnoDB AUTO_INCREMENT=46 DEFAULT CHARSET=utf8mb4 COMMENT='角色表';

-- ----------------------------
-- Records of role
-- ----------------------------
BEGIN;
INSERT INTO `role` VALUES (41, 'd934e5357af84abca2c25a40eeae6df7', '2019-06-05 14:49:43', 14, '2020-10-02 03:16:14', NULL, '超级管理员', 'ROOT', '1', '无', '0');
INSERT INTO `role` VALUES (42, 'bce73e4e963d41119de75c146c0f0698', '2019-06-05 14:50:25', 14, '2020-10-02 03:16:21', NULL, '管理员', 'PLAT', '1', '无', '0');
INSERT INTO `role` VALUES (43, 'c894adf402b3486d9ef2a9cb8f81ffc5', '2019-06-08 17:45:09', 14, '2019-06-09 16:02:59', NULL, '测试权限', 'TEST', '1', '', '0');
COMMIT;

-- ----------------------------
-- Table structure for role_menu
-- ----------------------------
DROP TABLE IF EXISTS `role_menu`;
CREATE TABLE `role_menu` (
  `id` bigint(20) NOT NULL AUTO_INCREMENT COMMENT '主键',
  `uuid` varchar(64) CHARACTER SET utf8 DEFAULT NULL,
  `add_time` datetime NOT NULL COMMENT '添加时间',
  `add_user_id` bigint(20) DEFAULT NULL COMMENT '添加人ID',
  `update_time` datetime DEFAULT NULL COMMENT '更新时间',
  `update_user_id` bigint(20) DEFAULT NULL COMMENT '更新人ID',
  `role_id` bigint(20) unsigned NOT NULL COMMENT '角色ID',
  `menu_id` bigint(20) NOT NULL COMMENT '菜单ID',
  PRIMARY KEY (`id`) USING BTREE,
  KEY `group_id` (`role_id`) USING BTREE,
  KEY `menu_id` (`menu_id`) USING BTREE
) ENGINE=InnoDB AUTO_INCREMENT=976 DEFAULT CHARSET=utf8mb4 COMMENT='菜单角色对应关系';

-- ----------------------------
-- Records of role_menu
-- ----------------------------
BEGIN;
INSERT INTO `role_menu` VALUES (949, NULL, '2019-06-05 14:52:32', 14, NULL, NULL, 41, 5);
INSERT INTO `role_menu` VALUES (950, NULL, '2019-06-05 14:52:46', 14, NULL, NULL, 41, 6);
INSERT INTO `role_menu` VALUES (951, NULL, '2019-06-08 17:39:50', 14, NULL, NULL, 41, 7);
INSERT INTO `role_menu` VALUES (952, NULL, '2019-06-08 17:39:56', 14, NULL, NULL, 41, 8);
INSERT INTO `role_menu` VALUES (957, '2bdca3fbe6e74704a9ef351a6ccd9f0a', '2019-06-08 19:27:12', 14, NULL, NULL, 45, 5);
INSERT INTO `role_menu` VALUES (958, 'c2a551bbd54e4fc5b054283c28413074', '2019-06-08 19:27:12', 14, NULL, NULL, 45, 6);
INSERT INTO `role_menu` VALUES (959, 'ab7911b516c444e4bb1150c46960553d', '2019-06-08 19:27:12', 14, NULL, NULL, 45, 8);
INSERT INTO `role_menu` VALUES (960, '8349081b1d094d3ca3d7d60f60a590e0', '2019-06-09 16:02:54', 14, NULL, NULL, 42, 5);
INSERT INTO `role_menu` VALUES (961, 'b2060d72639743f392630bbe2b7243fd', '2019-06-09 16:02:54', 14, NULL, NULL, 42, 7);
INSERT INTO `role_menu` VALUES (962, 'fd794e90017c4137ad097480ddb8edbd', '2019-06-09 16:02:54', 14, NULL, NULL, 42, 8);
INSERT INTO `role_menu` VALUES (963, 'cd96bb4037984acd91c2654930338e2d', '2019-06-09 16:02:59', 14, NULL, NULL, 43, 5);
INSERT INTO `role_menu` VALUES (964, '9a600f8542e441a9b2c3a733fc509097', '2019-06-09 16:02:59', 14, NULL, NULL, 43, 8);
INSERT INTO `role_menu` VALUES (965, '882c647c692248f68c692b7a0b1d3a63', '2020-10-02 03:16:14', NULL, NULL, NULL, 41, 5);
INSERT INTO `role_menu` VALUES (966, '07d3e94bfa3b45e3b3de2068da5060d8', '2020-10-02 03:16:14', NULL, NULL, NULL, 41, 6);
INSERT INTO `role_menu` VALUES (967, '9e75c1580c3c4c54b32436fb66ab6473', '2020-10-02 03:16:14', NULL, NULL, NULL, 41, 7);
INSERT INTO `role_menu` VALUES (968, '70e1e1b4028f44058b725073939fbaef', '2020-10-02 03:16:14', NULL, NULL, NULL, 41, 8);
INSERT INTO `role_menu` VALUES (969, 'cf164735ce05483098140c75a244b19c', '2020-10-02 03:16:14', NULL, NULL, NULL, 41, 9);
INSERT INTO `role_menu` VALUES (970, 'fe268f51a20b4643be5bd08804064d15', '2020-10-02 03:16:14', NULL, NULL, NULL, 41, 10);
INSERT INTO `role_menu` VALUES (971, '3de67a63308a4bcbbe088806f96c48de', '2020-10-02 03:16:21', NULL, NULL, NULL, 42, 5);
INSERT INTO `role_menu` VALUES (972, '896a50ba169b404db33575a7255b7f2b', '2020-10-02 03:16:21', NULL, NULL, NULL, 42, 7);
INSERT INTO `role_menu` VALUES (973, '69bd97de584e416794a8ff65a618a4f8', '2020-10-02 03:16:21', NULL, NULL, NULL, 42, 8);
INSERT INTO `role_menu` VALUES (974, '5299492e65664352abd1e1cb0788ee3b', '2020-10-02 03:16:21', NULL, NULL, NULL, 42, 9);
INSERT INTO `role_menu` VALUES (975, 'bd4c71e9a28b430c87764503157b74ab', '2020-10-02 03:16:21', NULL, NULL, NULL, 42, 10);
COMMIT;

-- ----------------------------
-- Table structure for role_user
-- ----------------------------
DROP TABLE IF EXISTS `role_user`;
CREATE TABLE `role_user` (
  `id` bigint(20) NOT NULL AUTO_INCREMENT COMMENT '主键',
  `uuid` varchar(64) CHARACTER SET utf8 DEFAULT NULL,
  `add_time` datetime NOT NULL COMMENT '添加时间',
  `add_user_id` bigint(20) DEFAULT NULL COMMENT '添加人ID',
  `update_time` datetime DEFAULT NULL COMMENT '更新时间',
  `update_user_id` bigint(20) DEFAULT NULL COMMENT '更新人ID',
  `role_id` bigint(20) unsigned NOT NULL COMMENT '角色ID',
  `user_id` bigint(20) NOT NULL COMMENT '用户ID',
  PRIMARY KEY (`id`) USING BTREE,
  KEY `group_id` (`role_id`) USING BTREE,
  KEY `user_id` (`user_id`) USING BTREE
) ENGINE=InnoDB AUTO_INCREMENT=1307340961739939857 DEFAULT CHARSET=utf8mb4 COMMENT='用户角色对应关系';

-- ----------------------------
-- Records of role_user
-- ----------------------------
BEGIN;
INSERT INTO `role_user` VALUES (949, NULL, '2019-06-05 14:51:21', 14, NULL, NULL, 41, 14);
INSERT INTO `role_user` VALUES (950, '2810c0e4f9b4476e8d67ea59dfdb3e30', '2019-06-09 15:55:34', 14, NULL, NULL, 42, 18);
INSERT INTO `role_user` VALUES (951, '49def140d27643099936d78ad82786a7', '2019-06-09 15:59:35', 14, NULL, NULL, 43, 19);
INSERT INTO `role_user` VALUES (955, 'a6bfb4213cbf448fa42a991a1fc159cb', '2019-06-09 16:02:06', 14, NULL, NULL, 43, 20);
INSERT INTO `role_user` VALUES (956, '0cf95edaf6e34eaf903ac1ed2cbf82a8', '2019-06-09 16:05:40', 14, NULL, NULL, 42, 16);
INSERT INTO `role_user` VALUES (957, '362febbab02f4f9682d2bc82f35c732c', '2019-11-13 08:09:27', 14, NULL, NULL, 43, 21);
COMMIT;

-- ----------------------------
-- Table structure for timed_tasks
-- ----------------------------
DROP TABLE IF EXISTS `timed_tasks`;
CREATE TABLE `timed_tasks` (
  `id` bigint(20) NOT NULL AUTO_INCREMENT COMMENT '主键',
  `uuid` varchar(64) DEFAULT NULL COMMENT 'UUID',
  `add_time` datetime NOT NULL COMMENT '添加时间',
  `add_user_id` bigint(20) DEFAULT NULL COMMENT '添加人ID',
  `update_time` datetime DEFAULT NULL COMMENT '更新时间',
  `update_user_id` bigint(20) DEFAULT NULL COMMENT '更新人ID',
  `task_name` varchar(50) DEFAULT NULL COMMENT '任务名称',
  `task_group_name` varchar(50) DEFAULT NULL COMMENT '任务分组',
  `status` int(2) DEFAULT '0' COMMENT '是否显示（0：是 1：否）',
  `cron` varchar(255) DEFAULT NULL COMMENT 'cron表达式',
  `job_class` varchar(255) DEFAULT NULL COMMENT 'job所在类',
  `params` varchar(255) DEFAULT NULL COMMENT '所需参数',
  PRIMARY KEY (`id`) USING BTREE
) ENGINE=InnoDB AUTO_INCREMENT=8 DEFAULT CHARSET=utf8mb4 COMMENT='系统菜单表';

-- ----------------------------
-- Records of timed_tasks
-- ----------------------------
BEGIN;
INSERT INTO `timed_tasks` VALUES (5, '4e92b9c5d61444509c102b79f04a2ce7', '2020-10-02 13:59:14', 14, '2020-10-02 14:16:50', NULL, '测试任务1', 'test', 0, '*/10 * * * * ?', 'com.cto.freemarker.job.ScheduledTask01', ' ');
INSERT INTO `timed_tasks` VALUES (6, 'f482ff6084a74e218cd40e9138f6e352', '2020-10-02 13:59:45', 14, '2020-10-02 14:20:43', NULL, '测试任务2', 'test', 1, '*/10 * * * * ?	', 'com.cto.freemarker.job.ScheduledTask02', ' ');
INSERT INTO `timed_tasks` VALUES (7, 'a02d932ac47d4e72b5c3b0fb50eafef0', '2020-10-02 14:00:15', 14, '2020-10-02 14:20:44', NULL, '测试任务3', 'test', 0, '*/5 * * * * ?', 'com.cto.freemarker.job.ScheduledTask03', ' ');
COMMIT;

SET FOREIGN_KEY_CHECKS = 1;
